indic_is,ind_type,unit,geo\time	2012 	2013 	2014 	2015 	2016 	2017 	2018 	2019 
I_IUMD,EMPL_UNE,PC_IND,AL	: 	: 	: 	: 	: 	: 	59.62 	73.96 
I_IUMD,EMPL_UNE,PC_IND,AT	52.66 	59.77 	65.77 	73.77 	73.61 	83.38 	82.36 	90.39 
I_IUMD,EMPL_UNE,PC_IND,BA	: 	: 	: 	: 	: 	: 	72.53 	64.82 
I_IUMD,EMPL_UNE,PC_IND,BE	49.43 	52.31 	66.82 	76.72 	79.81 	83.69 	85.79 	92.73 
I_IUMD,EMPL_UNE,PC_IND,BG	14.96 	22.46 	30.94 	44.18 	52.58 	67.26 	67.79 	76.55 
I_IUMD,EMPL_UNE,PC_IND,CH	: 	: 	67.21 	: 	: 	75.65 b	: 	92.81 
I_IUMD,EMPL_UNE,PC_IND,CY	26.08 	30.62 	47.40 	64.65 	69.62 	77.93 	82.99 	86.70 
I_IUMD,EMPL_UNE,PC_IND,CZ	: u	31.88 	42.63 	51.13 	: u	69.28 	76.05 	83.26 
I_IUMD,EMPL_UNE,PC_IND,DE	36.56 	50.51 	63.65 	71.51 	76.28 	83.39 	87.12 	85.72 
I_IUMD,EMPL_UNE,PC_IND,DK	66.68 	72.53 	82.61 	85.50 	88.34 	89.66 	93.98 	96.02 
I_IUMD,EMPL_UNE,PC_IND,EA	39.33 	48.28 	58.53 	63.80 	66.93 	73.35 	77.29 	82.01 
I_IUMD,EMPL_UNE,PC_IND,EE	41.72 	51.71 	64.31 b	68.69 	70.06 	76.17 	79.52 	86.66 
I_IUMD,EMPL_UNE,PC_IND,EL	27.79 	31.75 	46.14 	54.65 	57.86 	63.57 	66.53 	75.07 
I_IUMD,EMPL_UNE,PC_IND,ES	43.87 	58.35 	71.16 	76.48 	81.77 	86.69 	89.01 	93.05 
I_IUMD,EMPL_UNE,PC_IND,EU27_2007	41.08 	48.98 	58.54 	64.90 	66.93 	73.42 	77.38 	: 
I_IUMD,EMPL_UNE,PC_IND,EU27_2020	36.85 	45.42 	55.31 	61.93 	63.67 	70.76 	75.30 	81.26 
I_IUMD,EMPL_UNE,PC_IND,EU28	41.10 	48.95 	58.44 	64.85 	66.90 	73.36 	77.36 	83.15 
I_IUMD,EMPL_UNE,PC_IND,FI	63.52 	67.67 	76.12 	81.03 	83.76 	87.51 	86.53 	: 
I_IUMD,EMPL_UNE,PC_IND,FR	49.06 	57.99 	66.90 	69.83 	68.82 b	78.50 	82.33 	88.86 
I_IUMD,EMPL_UNE,PC_IND,HR	43.48 	45.84 	46.59 	59.65 	64.11 	66.17 	74.25 	83.78 
I_IUMD,EMPL_UNE,PC_IND,HU	21.37 	34.69 	52.07 	63.56 	69.09 	74.29 	: u	84.88 
I_IUMD,EMPL_UNE,PC_IND,IE	57.72 	64.87 	70.91 	77.09 	76.17 	82.40 	85.84 	90.15 
I_IUMD,EMPL_UNE,PC_IND,IS	60.56 	60.98 	70.37 	: 	: 	87.46 	87.48 	90.38 
I_IUMD,EMPL_UNE,PC_IND,IT	19.53 	20.11 	26.05 	27.55 	31.55 	33.65 	43.10 	54.86 
I_IUMD,EMPL_UNE,PC_IND,LT	17.07 	27.09 	33.57 	41.48 	51.12 	63.61 	71.07 	79.26 
I_IUMD,EMPL_UNE,PC_IND,LU	68.30 	70.55 	75.02 	80.38 	81.54 	85.70 	90.58 b	92.95 
I_IUMD,EMPL_UNE,PC_IND,LV	28.08 	35.26 	39.92 	49.34 	55.66 b	65.34 	67.41 	76.66 
I_IUMD,EMPL_UNE,PC_IND,ME	34.79 	: 	: 	: 	: 	79.60 	83.21 	81.51 
I_IUMD,EMPL_UNE,PC_IND,MK	18.21 	28.14 	42.89 	57.55 	60.87 	73.29 	68.41 	81.90 
I_IUMD,EMPL_UNE,PC_IND,MT	52.70 	54.05 	64.01 	76.43 	78.41 	85.22 	84.18 	87.02 
I_IUMD,EMPL_UNE,PC_IND,NL	64.48 	75.32 	79.59 	84.70 	87.12 	93.18 	92.69 	94.39 
I_IUMD,EMPL_UNE,PC_IND,NO	80.12 	81.75 	84.89 	89.22 	86.75 	90.54 	92.59 	96.13 
I_IUMD,EMPL_UNE,PC_IND,PL	26.22 	36.83 	41.85 	51.06 	34.08 	44.42 	55.60 	68.12 
I_IUMD,EMPL_UNE,PC_IND,PT	22.64 	24.64 	41.74 	51.99 	57.52 	66.33 	69.37 	73.49 
I_IUMD,EMPL_UNE,PC_IND,RO	8.55 	17.35 	28.91 b	44.27 	53.14 	62.15 	67.96 	80.25 
I_IUMD,EMPL_UNE,PC_IND,RS	: 	: 	: 	42.39 	: 	61.84 	70.97 	75.21 
I_IUMD,EMPL_UNE,PC_IND,SE	74.95 	78.71 	82.23 	85.32 	85.50 b	93.74 	91.85 	97.35 
I_IUMD,EMPL_UNE,PC_IND,SI	34.64 	47.37 	51.36 	63.73 	63.85 	75.34 	80.42 	86.05 
I_IUMD,EMPL_UNE,PC_IND,SK	41.93 	45.60 	56.65 	65.19 	65.39 	73.11 	71.46 	81.02 
I_IUMD,EMPL_UNE,PC_IND,TR	18.27 	28.93 	43.35 	55.04 	67.60 	76.02 	77.45 	85.01 
I_IUMD,EMPL_UNE,PC_IND,UK	70.32 	73.47 	79.90 	86.89 	89.06 	91.15 	90.71 	95.08 
I_IUMD,EMPL_UNE,PC_IND,XK	: 	: 	: 	: 	: 	78.59 	78.09 	80.25 
I_IUMD,F_Y16_74,PC_IND,AL	: 	: 	: 	: 	: 	: 	49.62 	65.36 
I_IUMD,F_Y16_74,PC_IND,AT	38.66 	44.40 	50.77 	59.25 	60.13 	70.90 	71.65 	79.33 
I_IUMD,F_Y16_74,PC_IND,BA	: 	: 	: 	: 	: 	: 	55.96 	53.53 
I_IUMD,F_Y16_74,PC_IND,BE	39.61 	41.76 	55.95 	67.32 	68.13 	73.74 	74.58 	84.46 
I_IUMD,F_Y16_74,PC_IND,BG	11.34 	17.67 	25.30 	36.51 	43.07 	53.74 	54.71 	62.75 
I_IUMD,F_Y16_74,PC_IND,CH	: 	: 	55.27 	: 	: 	66.31 b	: 	87.57 
I_IUMD,F_Y16_74,PC_IND,CY	21.12 	26.38 	40.71 	57.09 	61.91 	70.25 	73.14 	78.99 
I_IUMD,F_Y16_74,PC_IND,CZ	: u	23.34 	31.36 	39.85 	: u	56.18 	64.73 	71.24 
I_IUMD,F_Y16_74,PC_IND,DE	25.43 	38.54 	51.49 	59.95 	65.43 	73.38 	78.71 	75.28 
I_IUMD,F_Y16_74,PC_IND,DK	57.87 	63.44 	74.37 	77.32 	81.79 	82.83 	87.68 	91.69 
I_IUMD,F_Y16_74,PC_IND,EA	29.20 	37.90 	47.85 	53.40 	57.25 	63.58 	68.02 	72.98 
I_IUMD,F_Y16_74,PC_IND,EE	33.13 	42.44 	54.51 b	57.01 	60.29 	65.81 	67.97 	77.01 
I_IUMD,F_Y16_74,PC_IND,EL	17.76 	24.31 	34.32 	40.78 	44.60 	49.52 	52.42 	60.34 
I_IUMD,F_Y16_74,PC_IND,ES	34.08 	47.16 	60.21 	65.58 	70.40 	76.60 	80.31 	87.42 
I_IUMD,F_Y16_74,PC_IND,EU27_2007	31.37 	38.93 	47.87 	54.59 	57.17 	63.44 	68.05 	: 
I_IUMD,F_Y16_74,PC_IND,EU27_2020	27.36 	35.49 	45.03 	51.48 	54.25 	60.82 	65.82 	71.77 
I_IUMD,F_Y16_74,PC_IND,EU28	31.34 	38.88 	47.79 	54.50 	57.09 	63.27 	67.99 	73.76 
I_IUMD,F_Y16_74,PC_IND,FI	50.74 	55.93 	64.29 	72.17 	74.32 	78.46 	78.26 	: 
I_IUMD,F_Y16_74,PC_IND,FR	38.99 	46.67 	56.10 	58.82 	60.48 b	67.25 	72.44 	80.26 
I_IUMD,F_Y16_74,PC_IND,HR	29.24 	32.97 	38.87 	44.79 	47.78 	44.23 	60.32 	70.10 
I_IUMD,F_Y16_74,PC_IND,HU	14.00 	26.43 	39.64 	49.24 	55.19 	61.07 	: u	71.22 
I_IUMD,F_Y16_74,PC_IND,IE	49.10 	57.77 	65.06 	69.83 	69.03 	75.86 	72.68 	85.65 
I_IUMD,F_Y16_74,PC_IND,IS	56.05 	59.71 	69.16 	: 	: 	84.22 	84.59 	87.02 
I_IUMD,F_Y16_74,PC_IND,IT	12.31 	16.24 	21.09 	23.39 	27.39 	29.73 	37.51 	47.21 
I_IUMD,F_Y16_74,PC_IND,LT	13.77 	21.48 	28.67 	36.80 	42.06 	53.81 	60.80 	70.69 
I_IUMD,F_Y16_74,PC_IND,LU	56.01 	63.32 	67.63 	74.80 	75.90 	79.71 	80.67 b	84.43 
I_IUMD,F_Y16_74,PC_IND,LV	21.57 	28.45 	31.74 	41.07 	46.05 b	55.09 	58.04 	65.86 
I_IUMD,F_Y16_74,PC_IND,ME	27.83 	: 	: 	: 	: 	64.77 	69.47 	68.61 
I_IUMD,F_Y16_74,PC_IND,MK	16.23 	23.05 	36.03 	49.56 	52.66 	62.31 	55.95 	71.98 
I_IUMD,F_Y16_74,PC_IND,MT	36.65 	41.82 	50.93 	63.07 	62.39 	71.26 	70.78 	75.74 
I_IUMD,F_Y16_74,PC_IND,NL	49.67 	59.91 	68.23 	75.09 	77.40 	85.65 	85.26 	87.83 
I_IUMD,F_Y16_74,PC_IND,NO	70.80 	76.45 	75.54 	81.57 	79.48 	85.72 	87.80 	93.54 
I_IUMD,F_Y16_74,PC_IND,PL	19.44 	27.33 	33.85 	42.12 	30.67 	38.16 	47.19 	57.47 
I_IUMD,F_Y16_74,PC_IND,PT	17.47 	19.60 	31.55 	40.60 	48.73 	55.62 	58.08 	60.39 
I_IUMD,F_Y16_74,PC_IND,RO	5.77 	14.41 	22.32 b	34.49 	41.02 	50.26 	55.73 	67.89 
I_IUMD,F_Y16_74,PC_IND,RS	: 	: 	: 	28.91 	: 	49.15 	54.11 	57.75 
I_IUMD,F_Y16_74,PC_IND,SE	66.43 	68.37 	75.85 	76.50 	78.33 b	84.85 	90.33 	93.33 
I_IUMD,F_Y16_74,PC_IND,SI	26.13 	36.38 	41.69 	48.26 	51.67 	61.61 	65.63 	75.73 
I_IUMD,F_Y16_74,PC_IND,SK	32.69 	37.24 	46.48 	51.20 	56.81 	61.81 	58.83 	68.99 
I_IUMD,F_Y16_74,PC_IND,TR	9.72 	16.33 	25.44 	32.36 	44.11 	53.78 	57.56 	65.31 
I_IUMD,F_Y16_74,PC_IND,UK	59.92 	63.72 	72.01 	77.86 	82.68 	83.92 	82.90 	87.41 
I_IUMD,F_Y16_74,PC_IND,XK	: 	: 	: 	: 	: 	73.23 	76.29 	77.15 
I_IUMD,I0_2,PC_IND,AL	: 	: 	: 	: 	: 	: 	32.20 	49.05 
I_IUMD,I0_2,PC_IND,AT	34.01 	34.30 	32.94 	40.41 	46.97 	51.98 	58.08 	67.02 
I_IUMD,I0_2,PC_IND,BA	: 	: 	: 	: 	: 	: 	35.65 	32.12 
I_IUMD,I0_2,PC_IND,BE	29.69 	34.48 	40.38 	49.61 	54.51 	57.50 	56.87 	72.09 
I_IUMD,I0_2,PC_IND,BG	3.03 	5.49 	11.44 	15.27 	20.98 	28.75 	32.86 	35.42 
I_IUMD,I0_2,PC_IND,CH	: 	: 	47.58 	: 	: 	52.30 b	: 	75.74 
I_IUMD,I0_2,PC_IND,CY	10.04 	15.26 	21.68 	30.68 	35.93 	41.81 	43.71 	47.08 
I_IUMD,I0_2,PC_IND,CZ	: u	26.91 	32.71 	43.37 	: u	50.42 	60.14 	62.82 
I_IUMD,I0_2,PC_IND,DE	26.99 	42.16 	54.13 	60.49 	63.24 	68.84 	75.76 	71.12 
I_IUMD,I0_2,PC_IND,DK	60.54 	64.35 	72.27 	: u	78.48 	76.79 b	81.52 	86.25 
I_IUMD,I0_2,PC_IND,EA	20.69 	26.88 	33.57 	38.58 	41.73 	46.90 	52.51 	58.83 
I_IUMD,I0_2,PC_IND,EE	30.14 	38.94 	50.75 b	57.37 	55.72 	68.65 	72.16 	79.18 
I_IUMD,I0_2,PC_IND,EL	7.08 	9.82 	14.30 	16.68 	19.66 	24.15 	24.62 	32.43 
I_IUMD,I0_2,PC_IND,ES	20.54 	29.53 	39.99 	45.26 	52.55 	59.36 	64.32 	75.08 
I_IUMD,I0_2,PC_IND,EU27_2007	20.84 	26.58 	33.50 	38.09 	42.06 	47.01 	51.78 	: 
I_IUMD,I0_2,PC_IND,EU27_2020	20.30 	26.09 	33.02 	37.47 	41.05 	46.28 	51.81 	58.31 
I_IUMD,I0_2,PC_IND,EU28	20.82 	26.52 	33.46 	37.94 	41.88 	46.87 	51.61 	57.71 
I_IUMD,I0_2,PC_IND,FI	44.55 	55.19 	58.01 	65.60 	64.04 	66.20 	64.95 	: 
I_IUMD,I0_2,PC_IND,FR	30.02 	34.27 	38.84 	42.07 	41.44 b	49.03 	58.13 	66.53 
I_IUMD,I0_2,PC_IND,HR	18.41 	18.37 	28.05 	20.46 	17.25 	13.29 	29.99 	40.70 
I_IUMD,I0_2,PC_IND,HU	9.69 	18.06 	25.77 	29.75 	36.06 	40.89 	: u	46.77 
I_IUMD,I0_2,PC_IND,IE	28.50 	32.39 	39.55 	41.94 	40.30 	46.61 	39.57 	63.19 
I_IUMD,I0_2,PC_IND,IS	53.16 	51.89 	59.66 	: 	: 	75.92 	75.26 	79.71 
I_IUMD,I0_2,PC_IND,IT	7.07 	9.80 	13.59 	16.40 	19.69 	21.05 	27.92 	35.73 
I_IUMD,I0_2,PC_IND,LT	16.31 	23.57 	35.72 	36.93 	44.65 	51.75 	56.39 	61.98 
I_IUMD,I0_2,PC_IND,LU	42.00 	43.89 	54.42 	71.85 	69.68 	74.68 	72.43 b	76.31 
I_IUMD,I0_2,PC_IND,LV	23.22 	30.51 	34.08 	37.20 	43.21 b	49.84 	57.88 b	55.46 
I_IUMD,I0_2,PC_IND,ME	11.05 	: 	: 	: 	: 	24.53 u	40.83 	44.10 
I_IUMD,I0_2,PC_IND,MK	7.59 	13.07 	24.58 	28.48 	37.81 	44.71 	41.82 	57.07 
I_IUMD,I0_2,PC_IND,MT	21.90 	23.92 	29.62 	38.44 	43.08 	55.90 	54.35 	58.58 
I_IUMD,I0_2,PC_IND,NL	41.44 	47.11 	54.03 	61.29 	62.05 	73.32 	72.58 	77.56 
I_IUMD,I0_2,PC_IND,NO	71.99 	72.91 	75.32 	77.87 	79.78 	79.78 	85.46 	93.55 
I_IUMD,I0_2,PC_IND,PL	14.74 	19.95 	28.46 	36.07 	34.68 	41.57 	45.39 	50.76 
I_IUMD,I0_2,PC_IND,PT	10.52 	12.51 	20.07 	27.35 	30.75 	37.22 	38.05 	39.90 
I_IUMD,I0_2,PC_IND,RO	2.53 	6.70 	12.24 b	19.95 	22.81 	28.70 	37.07 	48.37 
I_IUMD,I0_2,PC_IND,RS	: 	: 	: 	10.91 	: 	26.80 	32.87 	37.43 
I_IUMD,I0_2,PC_IND,SE	61.85 	56.90 	65.83 	61.05 	62.70 b	75.59 	78.54 	87.11 
I_IUMD,I0_2,PC_IND,SI	15.57 	21.06 	18.98 	31.57 	36.66 	43.98 	45.76 	57.59 
I_IUMD,I0_2,PC_IND,SK	35.11 	35.05 	49.57 	50.59 	43.50 	51.19 	50.57 	52.34 
I_IUMD,I0_2,PC_IND,TR	5.91 	10.62 	18.03 	24.40 	36.39 	45.97 	50.18 	57.53 
I_IUMD,I0_2,PC_IND,UK	28.99 	33.49 	40.60 	45.25 	53.64 	56.17 	48.75 	39.85 b
I_IUMD,I0_2,PC_IND,XK	: 	: 	: 	: 	: 	62.57 	60.38 	67.25 
I_IUMD,I3_4,PC_IND,AL	: 	: 	: 	: 	: 	: 	62.51 	75.54 
I_IUMD,I3_4,PC_IND,AT	44.68 	51.23 	53.57 	62.03 	60.88 	70.72 	70.82 	77.79 
I_IUMD,I3_4,PC_IND,BA	: 	: 	: 	: 	: 	: 	66.32 	61.83 
I_IUMD,I3_4,PC_IND,BE	46.36 	48.05 	61.21 	74.23 	72.76 	78.71 	79.76 	87.55 
I_IUMD,I3_4,PC_IND,BG	9.81 	17.40 	25.31 	35.85 	44.58 	56.37 	57.27 	66.69 
I_IUMD,I3_4,PC_IND,CH	: 	: 	55.02 	: 	: 	68.28 b	: 	88.93 
I_IUMD,I3_4,PC_IND,CY	20.38 	25.88 	39.98 	60.42 	63.40 	71.26 	75.81 	81.90 
I_IUMD,I3_4,PC_IND,CZ	: u	24.14 	32.29 	38.23 	: bu	55.22 	61.38 	68.64 
I_IUMD,I3_4,PC_IND,DE	28.54 	40.87 	52.73 	61.01 	66.35 	73.99 	78.80 	75.06 
I_IUMD,I3_4,PC_IND,DK	55.60 	62.35 	72.02 	: u	80.30 	82.67 b	88.10 	92.70 
I_IUMD,I3_4,PC_IND,EA	34.79 	43.39 	52.74 	58.00 	60.65 	67.91 	71.63 	75.51 
I_IUMD,I3_4,PC_IND,EE	32.40 	42.01 	49.23 b	56.39 	58.29 	63.15 	65.71 	72.60 
I_IUMD,I3_4,PC_IND,EL	24.96 	29.40 	40.67 	52.92 	52.23 	60.26 	64.14 	71.06 
I_IUMD,I3_4,PC_IND,ES	48.64 	61.28 	76.23 	79.25 	82.08 	87.51 	89.05 	92.54 
I_IUMD,I3_4,PC_IND,EU27_2007	34.71 	41.93 	50.44 	57.04 	58.74 	65.48 	68.89 	: 
I_IUMD,I3_4,PC_IND,EU27_2020	30.32 	38.10 	46.82 	53.25 	55.16 	62.49 	66.89 	72.67 
I_IUMD,I3_4,PC_IND,EU28	34.80 	41.94 	50.34 	57.03 	58.71 	65.36 	68.91 	75.03 
I_IUMD,I3_4,PC_IND,FI	55.19 	56.93 	65.54 	70.62 	74.84 	80.03 	78.95 	: 
I_IUMD,I3_4,PC_IND,FR	42.32 	50.90 	59.53 	62.27 	60.31 b	69.73 	73.82 	81.90 
I_IUMD,I3_4,PC_IND,HR	42.88 	43.29 	40.79 	56.34 	55.49 	54.84 	71.42 	79.23 
I_IUMD,I3_4,PC_IND,HU	15.75 	26.96 	42.14 	52.13 	58.46 	62.64 	: u	73.57 
I_IUMD,I3_4,PC_IND,IE	53.36 	62.15 	69.01 	73.83 	72.28 	79.43 	81.13 	86.01 
I_IUMD,I3_4,PC_IND,IS	57.74 	58.75 	64.89 	: 	: 	85.31 	82.39 	84.07 
I_IUMD,I3_4,PC_IND,IT	21.13 	24.69 	29.47 	30.51 	33.79 	38.04 	45.02 	56.65 
I_IUMD,I3_4,PC_IND,LT	12.95 	17.52 	21.50 	26.09 	30.34 	39.95 	48.93 	57.25 
I_IUMD,I3_4,PC_IND,LU	65.78 	69.19 	69.54 	83.75 	77.82 	79.77 	87.19 b	88.52 
I_IUMD,I3_4,PC_IND,LV	20.23 	26.71 	27.32 	37.81 	39.86 b	48.80 	49.64 b	60.42 
I_IUMD,I3_4,PC_IND,ME	30.90 	: 	: 	: 	: 	63.67 	70.89 	70.08 
I_IUMD,I3_4,PC_IND,MK	18.16 	30.29 	43.63 	58.85 	61.83 	69.07 	62.69 	75.75 
I_IUMD,I3_4,PC_IND,MT	63.90 	62.38 	70.62 	81.05 	83.51 	83.91 	80.28 	90.00 
I_IUMD,I3_4,PC_IND,NL	57.75 	68.08 	70.93 	79.51 	81.64 	89.12 	89.44 	91.74 
I_IUMD,I3_4,PC_IND,NO	68.92 	72.76 	73.57 	78.32 	73.29 	82.69 	84.82 	89.78 
I_IUMD,I3_4,PC_IND,PL	16.12 	23.90 	28.29 	35.87 	24.01 	30.97 	40.55 	51.62 
I_IUMD,I3_4,PC_IND,PT	39.56 	38.66 	58.63 	66.45 	77.49 	82.02 	83.27 	84.08 
I_IUMD,I3_4,PC_IND,RO	5.73 	13.61 	23.86 b	37.20 	44.50 	54.26 	57.71 	71.85 
I_IUMD,I3_4,PC_IND,RS	: 	: 	: 	45.71 	: 	61.16 	66.04 	70.05 
I_IUMD,I3_4,PC_IND,SE	68.80 	72.32 	74.64 	77.05 	82.18 b	87.73 	90.12 	94.35 
I_IUMD,I3_4,PC_IND,SI	30.13 	37.63 	41.27 	50.10 	52.13 	61.90 	66.42 	74.63 
I_IUMD,I3_4,PC_IND,SK	31.71 	36.05 	43.86 	47.36 	55.44 	59.56 	57.67 	67.10 
I_IUMD,I3_4,PC_IND,TR	24.75 	39.43 	54.84 	64.34 	78.98 	86.85 	85.70 	92.64 
I_IUMD,I3_4,PC_IND,UK	63.90 	67.66 	73.63 	83.24 	82.79 	85.01 	83.13 	88.67 b
I_IUMD,I3_4,PC_IND,XK	: 	: 	: 	: 	: 	79.84 	82.98 	84.16 
I_IUMD,I5_8,PC_IND,AL	: 	: 	: 	: 	: 	: 	89.77 	94.38 
I_IUMD,I5_8,PC_IND,AT	57.43 	65.00 	75.28 	78.47 	80.17 	88.03 	85.71 	94.09 
I_IUMD,I5_8,PC_IND,BA	: 	: 	: 	: 	: 	: 	92.81 	83.51 
I_IUMD,I5_8,PC_IND,BE	56.54 	60.09 	73.71 	80.94 	84.34 	87.02 	89.17 	94.59 
I_IUMD,I5_8,PC_IND,BG	32.02 	41.42 	51.40 	66.19 	71.48 	82.93 	82.43 	88.32 
I_IUMD,I5_8,PC_IND,CH	: 	: 	72.99 	: 	: 	80.15 b	: 	94.88 
I_IUMD,I5_8,PC_IND,CY	42.32 	46.66 	64.95 	80.46 	81.35 	89.09 	92.27 	94.30 
I_IUMD,I5_8,PC_IND,CZ	: u	50.46 	59.99 	69.43 	: bu	80.71 	86.69 	91.23 
I_IUMD,I5_8,PC_IND,DE	41.31 	52.86 	65.01 	71.43 	76.66 	85.28 	86.31 	86.85 
I_IUMD,I5_8,PC_IND,DK	72.53 	74.68 	85.43 	: u	91.77 	92.23 b	94.55 	96.30 
I_IUMD,I5_8,PC_IND,EA	51.88 	61.06 	71.02 	74.41 	77.47 	82.87 	85.12 	88.79 
I_IUMD,I5_8,PC_IND,EE	47.68 	57.06 	73.09 b	68.88 	69.14 	72.99 	76.16 	83.81 
I_IUMD,I5_8,PC_IND,EL	37.45 	45.06 	59.31 	64.33 	70.68 	75.68 	77.73 	83.67 
I_IUMD,I5_8,PC_IND,ES	58.47 	73.40 	84.00 	86.60 	91.37 	93.76 	94.52 	96.45 
I_IUMD,I5_8,PC_IND,EU27_2007	55.32 	62.86 	72.20 	76.48 	78.10 	83.23 	86.11 	: 
I_IUMD,I5_8,PC_IND,EU27_2020	50.58 	59.67 	69.45 	74.27 	75.47 	81.16 	84.26 	88.47 
I_IUMD,I5_8,PC_IND,EU28	55.35 	62.85 	72.13 	76.44 	78.10 	83.07 	86.08 	89.73 
I_IUMD,I5_8,PC_IND,FI	66.78 	70.13 	80.06 	82.74 	86.21 	88.10 	87.95 	: 
I_IUMD,I5_8,PC_IND,FR	63.56 	72.35 	78.36 	79.71 	79.27 b	84.65 	88.00 	91.96 
I_IUMD,I5_8,PC_IND,HR	59.97 	60.43 	60.89 	69.34 	78.78 	61.95 	79.56 	90.80 
I_IUMD,I5_8,PC_IND,HU	31.70 	45.74 	62.85 	73.76 	76.52 	81.96 	: u	88.72 
I_IUMD,I5_8,PC_IND,IE	69.90 	77.74 	84.63 	87.55 	84.84 	89.27 	90.15 	95.81 
I_IUMD,I5_8,PC_IND,IS	70.01 	75.21 	79.10 	: 	: 	92.05 	90.45 	96.65 
I_IUMD,I5_8,PC_IND,IT	32.77 	31.36 	39.69 	41.21 	44.21 	46.21 	56.48 	65.93 
I_IUMD,I5_8,PC_IND,LT	26.63 	39.30 	47.47 	55.75 	66.76 	77.10 	80.56 	88.21 
I_IUMD,I5_8,PC_IND,LU	71.69 	71.81 	79.42 	83.57 	82.48 	87.41 	92.99 b	94.23 
I_IUMD,I5_8,PC_IND,LV	36.94 	44.95 	50.72 	57.81 	65.76 b	74.64 	75.74 b	82.73 
I_IUMD,I5_8,PC_IND,ME	56.95 	: 	: 	: 	: 	89.06 	85.20 	90.34 
I_IUMD,I5_8,PC_IND,MK	45.63 	52.51 	64.53 	78.21 	81.36 	86.03 	81.77 	91.27 
I_IUMD,I5_8,PC_IND,MT	74.32 	78.81 	83.09 	90.59 	87.39 	95.26 	93.47 	93.24 
I_IUMD,I5_8,PC_IND,NL	65.59 	77.16 	84.16 	86.74 	89.55 	95.08 	94.27 	95.33 
I_IUMD,I5_8,PC_IND,NO	84.53 	88.86 	86.33 	88.77 	87.77 	92.21 	92.65 	96.21 
I_IUMD,I5_8,PC_IND,PL	45.82 	56.58 	62.16 	72.07 	51.10 	61.26 	70.77 	79.79 
I_IUMD,I5_8,PC_IND,PT	44.44 	47.83 	66.25 	78.27 	80.88 	88.78 	87.36 	91.89 
I_IUMD,I5_8,PC_IND,RO	25.62 	43.46 	57.57 b	74.83 	79.20 	85.35 	87.96 	92.59 
I_IUMD,I5_8,PC_IND,RS	: 	: 	: 	55.49 	: 	72.99 	74.80 	82.40 
I_IUMD,I5_8,PC_IND,SE	79.08 	78.13 	86.20 	86.51 	87.07 b	91.79 	93.19 	96.64 
I_IUMD,I5_8,PC_IND,SI	50.94 	65.20 	72.47 	74.16 	76.59 	84.06 	86.00 	93.98 
I_IUMD,I5_8,PC_IND,SK	55.53 	59.90 	69.21 	79.33 	76.75 	84.23 	81.43 	89.31 
I_IUMD,I5_8,PC_IND,TR	40.61 	56.84 	71.08 	80.88 	90.53 	94.65 	92.83 	96.95 
I_IUMD,I5_8,PC_IND,UK	76.65 	77.78 	84.03 	87.28 	89.74 	91.21 	93.93 	95.59 b
I_IUMD,I5_8,PC_IND,XK	: 	: 	: 	: 	: 	91.75 	88.84 	91.95 
I_IUMD,IND_TOTAL,PC_IND,AL	: 	: 	: 	: 	: 	: 	54.28 	68.01 
I_IUMD,IND_TOTAL,PC_IND,AT	44.96 	50.75 	56.81 	63.86 	64.73 	73.98 	73.76 	81.80 
I_IUMD,IND_TOTAL,PC_IND,BA	: 	: 	: 	: 	: 	: 	60.32 	56.75 
I_IUMD,IND_TOTAL,PC_IND,BE	43.74 	47.19 	58.83 	68.60 	70.78 	75.07 	76.38 	85.58 
I_IUMD,IND_TOTAL,PC_IND,BG	12.52 	19.74 	27.44 	38.02 	44.70 	55.79 	56.93 	64.41 
I_IUMD,IND_TOTAL,PC_IND,CH	: 	: 	59.98 	: 	: 	68.97 b	: 	88.70 
I_IUMD,IND_TOTAL,PC_IND,CY	24.54 	29.28 	43.14 	58.81 	62.24 	70.13 	74.54 	79.47 
I_IUMD,IND_TOTAL,PC_IND,CZ	: u	28.70 	37.29 	44.56 	: u	59.64 	66.14 	72.53 
I_IUMD,IND_TOTAL,PC_IND,DE	31.09 	43.91 	55.64 	63.04 	67.89 	75.42 	79.92 	76.96 
I_IUMD,IND_TOTAL,PC_IND,DK	61.43 	65.66 	74.97 	78.28 	81.87 	83.42 	88.03 	91.83 
I_IUMD,IND_TOTAL,PC_IND,EA	33.84 	42.02 	50.90 	55.91 	59.01 	65.31 	69.48 	74.28 
I_IUMD,IND_TOTAL,PC_IND,EE	36.95 	46.48 	57.51 b	61.19 	61.87 	67.86 	70.62 	77.98 
I_IUMD,IND_TOTAL,PC_IND,EL	22.50 	26.75 	36.92 	44.38 	47.06 	52.60 	55.28 	63.14 
I_IUMD,IND_TOTAL,PC_IND,ES	38.37 	50.27 	62.26 	66.76 	72.13 	77.59 	80.48 	86.77 
I_IUMD,IND_TOTAL,PC_IND,EU27_2007	35.51 	42.65 	51.23 	57.07 	59.38 	65.51 	69.31 	: 
I_IUMD,IND_TOTAL,PC_IND,EU27_2020	31.62 	39.35 	48.02 	54.03 	56.13 	62.70 	67.25 	73.08 
I_IUMD,IND_TOTAL,PC_IND,EU28	35.53 	42.63 	51.14 	57.01 	59.32 	65.39 	69.26 	75.04 
I_IUMD,IND_TOTAL,PC_IND,FI	56.30 	61.02 	69.27 	73.05 	75.79 	79.19 	78.43 	: 
I_IUMD,IND_TOTAL,PC_IND,FR	43.38 	51.11 	58.43 	61.35 	60.54 b	68.41 	73.85 	81.08 
I_IUMD,IND_TOTAL,PC_IND,HR	37.52 	39.97 	40.61 	49.72 	51.54 	51.26 	62.83 	72.23 
I_IUMD,IND_TOTAL,PC_IND,HU	17.54 	28.89 	43.50 	52.34 	58.11 	62.49 	: u	72.30 
I_IUMD,IND_TOTAL,PC_IND,IE	51.11 	58.70 	65.20 	69.34 	68.74 	74.56 	72.73 	84.47 
I_IUMD,IND_TOTAL,PC_IND,IS	59.73 	61.08 	68.07 	: 	: 	84.45 	83.48 	87.56 
I_IUMD,IND_TOTAL,PC_IND,IT	16.07 	18.67 	23.55 	25.92 	29.24 	31.76 	39.66 	49.55 
I_IUMD,IND_TOTAL,PC_IND,LT	17.25 	25.10 	32.05 	37.66 	44.83 	55.03 	61.96 	69.95 
I_IUMD,IND_TOTAL,PC_IND,LU	62.65 	66.45 	70.40 	79.59 	78.20 	82.07 	84.00 b	86.14 
I_IUMD,IND_TOTAL,PC_IND,LV	25.31 	32.29 	35.06 	43.56 	48.39 b	57.10 	58.77 	67.18 
I_IUMD,IND_TOTAL,PC_IND,ME	33.74 	: 	: 	: 	: 	69.87 	69.67 	71.43 
I_IUMD,IND_TOTAL,PC_IND,MK	17.28 	26.64 	40.46 	52.45 	57.00 	64.97 	60.32 	73.67 
I_IUMD,IND_TOTAL,PC_IND,MT	40.48 	43.28 	51.60 	63.62 	63.83 	71.56 	70.54 	76.05 
I_IUMD,IND_TOTAL,PC_IND,NL	54.98 	64.93 	70.35 	75.50 	78.41 	86.60 	85.96 	89.07 
I_IUMD,IND_TOTAL,PC_IND,NO	75.47 	78.59 	78.85 	83.03 	80.46 	86.51 	88.85 	93.34 
I_IUMD,IND_TOTAL,PC_IND,PL	21.88 	30.39 	35.84 	43.95 	32.06 	39.94 	48.61 	58.74 
I_IUMD,IND_TOTAL,PC_IND,PT	21.39 	23.66 	36.50 	45.48 	50.70 	57.93 	60.42 	63.33 
I_IUMD,IND_TOTAL,PC_IND,RO	7.26 	15.49 	25.24 b	37.75 	44.30 	52.76 	57.53 	69.74 
I_IUMD,IND_TOTAL,PC_IND,RS	: 	: 	: 	34.79 	: 	53.23 	57.46 	62.20 
I_IUMD,IND_TOTAL,PC_IND,SE	70.08 	70.55 	76.23 	76.77 	79.74 b	86.61 	88.27 	93.48 
I_IUMD,IND_TOTAL,PC_IND,SI	30.25 	39.12 	42.46 	51.17 	54.31 	63.35 	67.11 	76.23 
I_IUMD,IND_TOTAL,PC_IND,SK	37.67 	41.53 	50.48 	54.48 	58.49 	64.25 	61.61 	70.69 
I_IUMD,IND_TOTAL,PC_IND,TR	13.55 	21.08 	32.41 	40.21 	52.70 	61.79 	64.48 	71.94 
I_IUMD,IND_TOTAL,PC_IND,UK	63.37 	66.45 	73.18 	79.44 	81.42 	83.97 	83.07 	88.37 
I_IUMD,IND_TOTAL,PC_IND,XK	: 	: 	: 	: 	: 	74.91 	75.83 	78.94 
I_IUMD,M_Y16_74,PC_IND,AL	: 	: 	: 	: 	: 	: 	58.94 	70.68 
I_IUMD,M_Y16_74,PC_IND,AT	51.39 	57.23 	62.96 	68.56 	69.39 	77.08 	75.89 	84.31 
I_IUMD,M_Y16_74,PC_IND,BA	: 	: 	: 	: 	: 	: 	65.89 	60.47 
I_IUMD,M_Y16_74,PC_IND,BE	47.90 	52.66 	61.72 	69.88 	73.44 	76.40 	78.20 	86.72 
I_IUMD,M_Y16_74,PC_IND,BG	13.73 	21.87 	29.65 	39.56 	46.38 	57.89 	59.22 	66.12 
I_IUMD,M_Y16_74,PC_IND,CH	: 	: 	64.63 	: 	: 	71.63 b	: 	89.85 
I_IUMD,M_Y16_74,PC_IND,CY	28.38 	32.48 	45.80 	60.65 	62.60 	70.01 	76.02 	79.98 
I_IUMD,M_Y16_74,PC_IND,CZ	: u	34.23 	43.34 	49.39 	: u	63.16 	67.59 	73.87 
I_IUMD,M_Y16_74,PC_IND,DE	36.77 	49.30 	59.84 	66.15 	70.36 	77.45 	81.11 	78.61 
I_IUMD,M_Y16_74,PC_IND,DK	65.00 	67.87 	75.57 	79.24 	81.95 	84.00 	88.37 	91.97 
I_IUMD,M_Y16_74,PC_IND,EA	38.58 	46.23 	54.01 	58.48 	60.81 	67.09 	70.97 	75.60 
I_IUMD,M_Y16_74,PC_IND,EE	41.13 	50.87 	60.80 b	65.73 	63.58 	70.07 	73.45 	79.01 
I_IUMD,M_Y16_74,PC_IND,EL	27.39 	29.27 	39.63 	48.12 	49.61 	55.89 	58.34 	66.14 
I_IUMD,M_Y16_74,PC_IND,ES	42.66 	53.39 	64.32 	67.96 	73.87 	78.59 	80.66 	86.10 
I_IUMD,M_Y16_74,PC_IND,EU27_2007	39.77 	46.48 	54.54 	59.63 	61.52 	67.53 	70.60 	: 
I_IUMD,M_Y16_74,PC_IND,EU27_2020	36.01 	43.34 	51.12 	56.67 	58.06 	64.62 	68.71 	74.42 
I_IUMD,M_Y16_74,PC_IND,EU28	39.84 	46.49 	54.44 	59.59 	61.47 	67.46 	70.56 	76.35 
I_IUMD,M_Y16_74,PC_IND,FI	61.90 	66.13 	74.30 	73.94 	77.28 	79.92 	78.60 	: 
I_IUMD,M_Y16_74,PC_IND,FR	47.99 	55.74 	60.88 	64.00 	60.60 b	69.63 	75.31 	81.94 
I_IUMD,M_Y16_74,PC_IND,HR	47.05 	47.54 	42.40 	54.90 	55.42 	58.83 	65.44 	74.48 
I_IUMD,M_Y16_74,PC_IND,HU	21.36 	31.53 	47.64 	55.66 	61.23 	64.00 	: u	73.44 
I_IUMD,M_Y16_74,PC_IND,IE	53.15 	59.63 	65.34 	68.83 	68.44 	73.05 	72.79 	83.26 
I_IUMD,M_Y16_74,PC_IND,IS	63.34 	62.44 	66.99 	: 	: 	84.67 	82.45 	88.06 
I_IUMD,M_Y16_74,PC_IND,IT	19.90 	21.15 	26.08 	28.52 	31.12 	33.85 	41.87 	51.94 
I_IUMD,M_Y16_74,PC_IND,LT	21.21 	29.20 	35.87 	38.63 	47.96 	56.40 	63.25 	69.13 
I_IUMD,M_Y16_74,PC_IND,LU	69.15 	69.51 	73.08 	84.26 	80.42 	84.35 	87.21 b	87.78 
I_IUMD,M_Y16_74,PC_IND,LV	29.59 	36.86 	39.04 	46.49 	51.04 b	59.38 	59.60 	68.67 
I_IUMD,M_Y16_74,PC_IND,ME	38.28 	: 	: 	: 	: 	72.63 	69.83 	73.60 
I_IUMD,M_Y16_74,PC_IND,MK	18.31 	30.20 	44.84 	55.32 	61.30 	67.60 	64.66 	75.34 
I_IUMD,M_Y16_74,PC_IND,MT	44.25 	44.71 	52.25 	64.14 	65.21 	71.85 	70.31 	76.34 
I_IUMD,M_Y16_74,PC_IND,NL	60.29 	69.95 	72.47 	75.92 	79.42 	87.54 	86.66 	90.32 
I_IUMD,M_Y16_74,PC_IND,NO	79.99 	80.66 	82.03 	84.43 	81.40 	87.27 	89.86 	93.15 
I_IUMD,M_Y16_74,PC_IND,PL	24.58 	33.81 	38.09 	46.04 	33.51 	41.78 	50.07 	60.06 
I_IUMD,M_Y16_74,PC_IND,PT	25.46 	28.04 	41.88 	50.80 	52.84 	60.44 	62.97 	66.55 
I_IUMD,M_Y16_74,PC_IND,RO	8.80 	16.61 	28.22 b	41.06 	47.64 	55.32 	59.34 	71.63 
I_IUMD,M_Y16_74,PC_IND,RS	: 	: 	: 	40.88 	: 	57.44 	60.94 	66.80 
I_IUMD,M_Y16_74,PC_IND,SE	73.65 	72.68 	76.61 	77.04 	81.12 b	88.32 	86.28 	93.64 
I_IUMD,M_Y16_74,PC_IND,SI	34.27 	41.79 	43.22 	54.00 	56.86 	65.03 	68.54 	76.71 
I_IUMD,M_Y16_74,PC_IND,SK	43.19 	46.06 	54.62 	57.84 	60.23 	66.75 	64.44 	72.43 
I_IUMD,M_Y16_74,PC_IND,TR	17.46 	25.91 	39.45 	48.14 	61.36 	69.83 	71.43 	78.63 
I_IUMD,M_Y16_74,PC_IND,UK	66.88 	69.24 	73.99 	80.99 	80.61 	84.01 	83.26 	89.35 
I_IUMD,M_Y16_74,PC_IND,XK	: 	: 	: 	: 	: 	76.21 	75.55 	80.16 
I_IUMD,RETIR_OTHER,PC_IND,AL	: 	: 	: 	: 	: 	: 	25.06 	40.32 
I_IUMD,RETIR_OTHER,PC_IND,AT	16.27 	19.13 	23.11 	27.00 	31.61 	43.19 	45.98 	54.36 
I_IUMD,RETIR_OTHER,PC_IND,BA	: 	: 	: 	: 	: 	: 	31.42 	34.17 
I_IUMD,RETIR_OTHER,PC_IND,BE	19.95 	22.83 	32.15 	41.97 	43.71 	49.69 	49.54 	67.20 
I_IUMD,RETIR_OTHER,PC_IND,BG	1.37 	3.12 	4.45 	9.40 	11.27 	18.60 	20.99 	25.78 
I_IUMD,RETIR_OTHER,PC_IND,CH	: 	: 	25.46 	: 	: 	43.29 b	: 	75.29 
I_IUMD,RETIR_OTHER,PC_IND,CY	7.10 	9.55 	14.62 	28.80 	29.29 	35.35 	40.43 	49.03 
I_IUMD,RETIR_OTHER,PC_IND,CZ	: u	7.49 	10.57 	14.65 	: u	23.84 	29.38 	38.22 
I_IUMD,RETIR_OTHER,PC_IND,DE	10.27 	17.17 	25.10 	31.39 	36.13 	46.16 	53.57 	45.94 
I_IUMD,RETIR_OTHER,PC_IND,DK	36.37 	36.65 	46.98 	54.84 	58.91 	60.85 	74.82 	77.95 
I_IUMD,RETIR_OTHER,PC_IND,EA	11.21 	15.88 	21.69 	25.85 	29.53 	36.58 	42.56 	48.55 
I_IUMD,RETIR_OTHER,PC_IND,EE	13.15 	20.75 	26.93 b	27.21 	27.49 	31.41 	35.31 	42.73 
I_IUMD,RETIR_OTHER,PC_IND,EL	2.90 	5.98 	10.71 	14.63 	15.87 	21.25 	22.54 	30.88 
I_IUMD,RETIR_OTHER,PC_IND,ES	8.96 	15.06 	24.18 	28.44 	35.80 	45.10 	51.46 	64.84 
I_IUMD,RETIR_OTHER,PC_IND,EU27_2007	12.89 	16.55 	22.55 	27.71 	30.33 	36.56 	42.61 	: 
I_IUMD,RETIR_OTHER,PC_IND,EU27_2020	9.97 	14.21 	19.52 	24.09 	26.99 	33.39 	39.24 	46.01 
I_IUMD,RETIR_OTHER,PC_IND,EU28	12.83 	16.48 	22.44 	27.57 	30.18 	36.33 	42.46 	48.46 
I_IUMD,RETIR_OTHER,PC_IND,FI	26.22 	32.15 	38.81 	42.72 	45.96 	48.95 	51.44 	: 
I_IUMD,RETIR_OTHER,PC_IND,FR	17.96 	24.60 	30.32 	31.72 	33.24 b	39.29 	48.62 	59.40 
I_IUMD,RETIR_OTHER,PC_IND,HR	7.29 	9.29 	9.65 	13.27 	14.12 	15.63 	26.06 	36.95 
I_IUMD,RETIR_OTHER,PC_IND,HU	3.93 	9.09 	16.58 	21.41 	26.58 	30.07 	: u	42.72 
I_IUMD,RETIR_OTHER,PC_IND,IE	27.38 	34.08 	40.42 	44.12 	44.07 	48.88 	43.34 	63.73 
I_IUMD,RETIR_OTHER,PC_IND,IS	: 	37.32 	38.72 	: 	: 	60.92 	57.89 	79.16 
I_IUMD,RETIR_OTHER,PC_IND,IT	3.05 	3.35 	4.72 	7.11 	9.08 	12.41 	19.20 	26.35 
I_IUMD,RETIR_OTHER,PC_IND,LT	1.97 	2.62 	6.16 	8.49 	12.64 	17.73 	26.25 	33.92 
I_IUMD,RETIR_OTHER,PC_IND,LU	36.38 	45.54 	44.99 	57.65 	59.07 	61.25 	64.64 b	69.25 
I_IUMD,RETIR_OTHER,PC_IND,LV	5.10 	8.31 	7.79 	12.28 	12.54 b	19.63 	18.55 	25.46 
I_IUMD,RETIR_OTHER,PC_IND,ME	9.37 	: 	: 	: 	: 	29.45 	21.99 	33.66 
I_IUMD,RETIR_OTHER,PC_IND,MK	1.91 	3.15 	8.57 	18.63 	25.09 	30.82 	28.21 	45.82 
I_IUMD,RETIR_OTHER,PC_IND,MT	12.72 	13.80 	21.77 	32.80 	32.61 	39.51 	36.72 	44.55 
I_IUMD,RETIR_OTHER,PC_IND,NL	26.02 	33.29 	42.73 	49.29 	54.81 	65.93 	66.31 	73.58 
I_IUMD,RETIR_OTHER,PC_IND,NO	44.21 	54.52 	42.58 	56.84 	49.25 	63.13 	68.69 	78.97 
I_IUMD,RETIR_OTHER,PC_IND,PL	3.72 	8.90 	11.17 	16.04 	8.93 	12.75 	18.62 	26.72 
I_IUMD,RETIR_OTHER,PC_IND,PT	2.67 	3.77 	7.07 	12.16 	15.16 	17.49 	20.44 	22.64 
I_IUMD,RETIR_OTHER,PC_IND,RO	1.10 	2.91 	6.55 b	12.21 	15.18 	23.21 	28.03 	42.23 
I_IUMD,RETIR_OTHER,PC_IND,RS	: 	: 	: 	6.09 	: 	20.51 	26.60 	34.91 
I_IUMD,RETIR_OTHER,PC_IND,SE	33.35 	32.99 	43.31 	44.34 	57.77 b	59.91 	: u	74.41 
I_IUMD,RETIR_OTHER,PC_IND,SI	3.41 	6.91 	12.35 	11.42 	22.90 	22.94 	25.00 	42.73 
I_IUMD,RETIR_OTHER,PC_IND,SK	7.80 	10.21 	13.55 	16.05 	24.61 	30.83 	24.12 	35.14 
I_IUMD,RETIR_OTHER,PC_IND,TR	3.65 	6.75 	12.93 	17.16 	28.59 	38.65 	43.69 	51.75 
I_IUMD,RETIR_OTHER,PC_IND,UK	34.95 	35.67 	45.72 	54.55 	54.94 	59.17 	63.51 	66.47 
I_IUMD,RETIR_OTHER,PC_IND,XK	: 	: 	: 	: 	: 	57.62 	48.30 	59.94 
I_IUMD,SAL_SELF_FAM,PC_IND,AL	: 	: 	: 	: 	: 	: 	62.38 	74.99 
I_IUMD,SAL_SELF_FAM,PC_IND,AT	52.98 	59.87 	66.81 	74.18 	74.03 	84.43 	83.19 	91.10 
I_IUMD,SAL_SELF_FAM,PC_IND,BA	: 	: 	: 	: 	: 	: 	82.09 	74.57 
I_IUMD,SAL_SELF_FAM,PC_IND,BE	51.08 	53.87 	68.82 	78.84 	82.13 	84.95 	86.58 	93.22 
I_IUMD,SAL_SELF_FAM,PC_IND,BG	18.38 	26.52 	35.75 	50.39 	58.99 	73.56 	74.29 	83.23 
I_IUMD,SAL_SELF_FAM,PC_IND,CH	: 	: 	67.05 	: 	: 	75.95 b	: 	92.81 
I_IUMD,SAL_SELF_FAM,PC_IND,CY	25.95 	30.56 	48.41 	65.86 	71.58 	78.07 	83.67 	86.60 
I_IUMD,SAL_SELF_FAM,PC_IND,CZ	: u	33.00 	43.19 	52.07 	: u	69.89 	76.68 	83.87 
I_IUMD,SAL_SELF_FAM,PC_IND,DE	37.99 	51.88 	65.60 	72.97 	77.97 	84.92 	88.41 	87.27 
I_IUMD,SAL_SELF_FAM,PC_IND,DK	66.95 	72.88 	82.81 	85.80 	88.23 	89.79 	94.27 	96.04 
I_IUMD,SAL_SELF_FAM,PC_IND,EA	41.12 	50.25 	60.71 	65.75 	68.89 	75.51 	79.00 	83.59 
I_IUMD,SAL_SELF_FAM,PC_IND,EE	42.54 	52.42 	64.97 b	69.47 	70.66 	76.65 	79.89 	87.13 
I_IUMD,SAL_SELF_FAM,PC_IND,EL	29.13 	35.42 	49.51 	56.96 	58.96 	66.09 	67.63 	77.09 
I_IUMD,SAL_SELF_FAM,PC_IND,ES	47.31 	63.42 	75.78 	80.47 	85.45 	89.58 	90.91 	94.81 
I_IUMD,SAL_SELF_FAM,PC_IND,EU27_2007	42.94 	50.87 	60.52 	66.73 	68.70 	75.23 	78.90 	: 
I_IUMD,SAL_SELF_FAM,PC_IND,EU27_2020	38.56 	47.25 	57.30 	63.78 	65.37 	72.64 	76.91 	82.74 
I_IUMD,SAL_SELF_FAM,PC_IND,EU28	42.96 	50.87 	60.47 	66.73 	68.70 	75.21 	78.92 	84.63 
I_IUMD,SAL_SELF_FAM,PC_IND,FI	64.50 	68.91 	77.30 	82.46 	84.85 	88.10 	87.70 	: 
I_IUMD,SAL_SELF_FAM,PC_IND,FR	49.53 	58.75 	68.02 	70.79 	69.89 b	79.94 	83.09 	89.43 
I_IUMD,SAL_SELF_FAM,PC_IND,HR	46.31 	50.78 	52.62 	66.46 	68.13 	72.51 	81.19 	88.93 
I_IUMD,SAL_SELF_FAM,PC_IND,HU	22.86 	36.71 	54.67 	65.49 	70.84 	77.12 	: u	86.52 
I_IUMD,SAL_SELF_FAM,PC_IND,IE	60.76 	68.09 	73.54 	79.28 	78.27 	83.74 	86.57 	91.21 
I_IUMD,SAL_SELF_FAM,PC_IND,IS	60.64 	61.15 	70.92 	: 	: 	87.39 	87.57 	90.32 
I_IUMD,SAL_SELF_FAM,PC_IND,IT	20.74 	19.67 	24.95 	25.45 	29.95 	32.94 	43.04 	55.61 
I_IUMD,SAL_SELF_FAM,PC_IND,LT	18.52 	28.96 	35.64 	43.93 	53.54 	67.17 	73.87 	80.87 
I_IUMD,SAL_SELF_FAM,PC_IND,LU	68.61 	70.83 	75.11 	80.87 	81.71 	85.56 	90.51 b	93.65 
I_IUMD,SAL_SELF_FAM,PC_IND,LV	30.84 	37.90 	42.36 	51.74 	57.53 b	67.77 	69.59 	78.81 
I_IUMD,SAL_SELF_FAM,PC_IND,ME	42.89 	: 	: 	: 	: 	87.27 	89.11 	92.64 
I_IUMD,SAL_SELF_FAM,PC_IND,MK	22.24 	31.89 	51.31 	64.29 	67.63 	77.95 	73.42 	85.50 
I_IUMD,SAL_SELF_FAM,PC_IND,MT	53.82 	55.58 	65.99 	77.75 	79.16 	85.62 	84.91 	87.09 
I_IUMD,SAL_SELF_FAM,PC_IND,NL	64.51 	75.79 	80.43 	85.20 	87.44 	93.27 	92.92 	94.49 
I_IUMD,SAL_SELF_FAM,PC_IND,NO	80.48 	81.87 	85.31 	89.65 	87.36 	91.58 	92.94 	96.28 
I_IUMD,SAL_SELF_FAM,PC_IND,PL	27.77 	38.43 	43.73 	53.16 	34.93 	45.75 	56.98 	69.00 
I_IUMD,SAL_SELF_FAM,PC_IND,PT	23.79 	26.09 	44.27 	55.67 	59.97 	68.93 	71.92 	75.37 
I_IUMD,SAL_SELF_FAM,PC_IND,RO	8.93 	17.92 	29.01 b	44.26 	53.14 	61.92 	68.26 	80.52 
I_IUMD,SAL_SELF_FAM,PC_IND,RS	: 	: 	: 	57.76 	: 	72.85 	75.89 	82.47 
I_IUMD,SAL_SELF_FAM,PC_IND,SE	75.27 	79.97 	83.29 	85.20 	86.32 b	93.83 	92.00 	97.80 
I_IUMD,SAL_SELF_FAM,PC_IND,SI	35.24 	49.36 	52.47 	65.57 	66.44 	78.02 	81.44 	88.87 
I_IUMD,SAL_SELF_FAM,PC_IND,SK	44.55 	47.70 	58.78 	67.21 	68.76 	75.01 	73.17 	82.29 
I_IUMD,SAL_SELF_FAM,PC_IND,TR	18.59 	29.10 	43.83 	55.63 	67.70 	76.40 	77.28 	85.21 
I_IUMD,SAL_SELF_FAM,PC_IND,UK	71.28 	74.61 	80.64 	87.54 	89.83 	91.62 	91.29 	95.80 
I_IUMD,SAL_SELF_FAM,PC_IND,XK	: 	: 	: 	: 	: 	81.11 	80.17 	87.34 
I_IUMD,STUD,PC_IND,AL	: 	: 	: 	: 	: 	: 	87.19 	95.80 
I_IUMD,STUD,PC_IND,AT	83.82 	89.10 	94.43 	98.54 	97.11 	96.51 	97.05 	98.53 
I_IUMD,STUD,PC_IND,BA	: 	: 	: 	: 	: 	: 	91.53 	94.55 
I_IUMD,STUD,PC_IND,BE	73.02 	81.32 	80.06 	91.15 	93.92 	91.58 	93.22 	95.27 
I_IUMD,STUD,PC_IND,BG	29.96 	55.99 	72.47 	83.52 	91.13 	94.86 	94.81 	97.20 
I_IUMD,STUD,PC_IND,CH	: 	: 	84.67 	: 	: 	85.69 b	: 	98.29 
I_IUMD,STUD,PC_IND,CY	61.00 	70.61 	85.82 	95.91 	95.81 	98.81 	96.95 	99.19 
I_IUMD,STUD,PC_IND,CZ	: u	67.97 	79.13 	87.17 	: u	93.51 	96.61 	98.77 
I_IUMD,STUD,PC_IND,DE	56.29 	80.28 	87.23 	90.55 	93.80 	94.83 	97.87 	94.01 
I_IUMD,STUD,PC_IND,DK	86.89 	88.58 	92.41 	91.90 	95.09 	96.94 	97.08 	98.19 
I_IUMD,STUD,PC_IND,EA	65.37 	79.02 	84.17 	89.02 	90.40 	92.26 	92.74 	94.16 
I_IUMD,STUD,PC_IND,EE	67.81 	76.51 	92.09 b	92.70 	96.42 	97.43 	97.58 	98.53 
I_IUMD,STUD,PC_IND,EL	58.47 	67.12 	77.82 	84.72 	88.41 	92.26 	91.00 	95.07 
I_IUMD,STUD,PC_IND,ES	75.89 	86.13 	93.28 	93.35 	95.16 	96.72 	96.73 	98.77 
I_IUMD,STUD,PC_IND,EU27_2007	65.17 	77.46 	84.07 	89.72 	89.89 	92.19 	92.54 	: 
I_IUMD,STUD,PC_IND,EU27_2020	61.56 	74.96 	82.28 	88.64 	89.32 	91.85 	92.85 	94.92 
I_IUMD,STUD,PC_IND,EU28	65.46 	77.51 	84.06 	89.78 	89.88 	92.21 	92.60 	95.35 
I_IUMD,STUD,PC_IND,FI	80.18 	82.47 	93.23 	92.70 	96.18 	96.84 	95.10 	: 
I_IUMD,STUD,PC_IND,FR	78.29 	83.26 	82.62 	90.79 	88.68 b	91.29 	91.39 	95.46 
I_IUMD,STUD,PC_IND,HR	87.44 	81.64 	83.15 	96.27 	89.16 	96.00 	98.04 	98.17 
I_IUMD,STUD,PC_IND,HU	38.21 	63.50 	81.01 	89.13 	92.07 	94.19 	: u	96.74 
I_IUMD,STUD,PC_IND,IE	78.19 	88.68 	94.31 	94.52 	91.06 	94.73 	98.80 	98.34 
I_IUMD,STUD,PC_IND,IS	86.81 	84.23 	93.43 	: 	: 	96.84 	87.77 	93.56 u
I_IUMD,STUD,PC_IND,IT	39.65 	64.13 	72.41 	78.15 	80.96 	82.83 	82.36 	86.60 
I_IUMD,STUD,PC_IND,LT	52.12 	66.62 	82.08 	85.63 	86.85 	95.70 	96.22 	96.14 
I_IUMD,STUD,PC_IND,LU	83.15 	81.82 	85.98 	87.16 	91.24 	94.02 	96.63 b	91.67 
I_IUMD,STUD,PC_IND,LV	55.74 	77.94 	81.68 	92.03 	91.05 b	93.75 	96.55 	97.83 
I_IUMD,STUD,PC_IND,ME	66.49 	: 	: 	: 	: 	100.00 	97.09 	100.00 
I_IUMD,STUD,PC_IND,MK	41.75 	59.13 	83.66 	86.35 	93.55 	92.38 	85.63 	99.29 
I_IUMD,STUD,PC_IND,MT	88.18 	91.57 	93.88 	100.00 	95.75 	97.20 	97.10 	96.38 
I_IUMD,STUD,PC_IND,NL	87.46 	90.74 	82.73 	93.70 	88.04 	99.70 	94.75 	97.23 
I_IUMD,STUD,PC_IND,NO	89.35 	95.74 	92.21 	91.15 	87.44 	98.97 	97.24 	98.03 
I_IUMD,STUD,PC_IND,PL	52.78 	62.99 	76.68 	87.97 	83.39 	86.88 	92.22 	95.18 
I_IUMD,STUD,PC_IND,PT	68.97 	77.82 	83.94 	91.21 	93.93 	95.65 	95.88 	93.63 
I_IUMD,STUD,PC_IND,RO	18.01 	43.39 	62.18 b	80.16 	82.45 	90.16 	88.22 	96.39 
I_IUMD,STUD,PC_IND,RS	: 	: 	: 	92.50 	: 	89.27 	93.82 	100.00 
I_IUMD,STUD,PC_IND,SE	89.47 	87.25 	89.59 	93.58 	84.57 b	91.49 	94.33 	100.00 
I_IUMD,STUD,PC_IND,SI	77.67 	84.97 	91.48 	96.40 	94.54 	97.37 	96.96 	98.06 
I_IUMD,STUD,PC_IND,SK	72.83 	82.25 	86.09 	92.90 	94.66 	94.42 	97.75 	96.43 
I_IUMD,STUD,PC_IND,TR	38.89 	50.96 	68.55 	74.47 	85.74 	90.84 	87.96 	92.95 
I_IUMD,STUD,PC_IND,UK	93.50 	94.91 	95.25 	97.54 	93.09 	94.22 	87.98 u	100.00 
I_IUMD,STUD,PC_IND,XK	: 	: 	: 	: 	: 	88.31 	94.09 	94.02 
I_IUMD,UNE,PC_IND,AL	: 	: 	: 	: 	: 	: 	53.74 	71.54 
I_IUMD,UNE,PC_IND,AT	46.11 	57.61 	53.12 	67.46 	68.80 	66.61 	68.41 	77.26 
I_IUMD,UNE,PC_IND,BA	: 	: 	: 	: 	: 	: 	60.63 	55.17 
I_IUMD,UNE,PC_IND,BE	33.10 	39.76 	50.13 	60.16 	58.74 	69.49 	75.81 	86.43 
I_IUMD,UNE,PC_IND,BG	5.33 	10.62 	15.67 	22.01 	28.44 	39.99 	36.85 	43.14 
I_IUMD,UNE,PC_IND,CH	: 	: 	73.09 u	: 	: 	66.93 b	: 	92.99 
I_IUMD,UNE,PC_IND,CY	27.18 	30.89 	42.99 	58.72 	57.62 	77.02 	75.30 	87.89 
I_IUMD,UNE,PC_IND,CZ	: u	15.68 	33.82 	33.08 	: u	49.46 	58.90 	58.84 
I_IUMD,UNE,PC_IND,DE	17.93 	32.69 	37.37 	51.28 	51.97 	59.43 	65.75 	59.05 
I_IUMD,UNE,PC_IND,DK	54.35 	62.14 	76.27 	73.17 u	92.09 	84.48 u	89.46 	95.28 u
I_IUMD,UNE,PC_IND,EA	27.98 	37.34 	46.71 	52.34 	54.34 	59.12 	64.58 	69.44 
I_IUMD,UNE,PC_IND,EE	34.35 	43.60 	55.29 b	55.16 	60.22 	67.32 	71.67 	75.89 
I_IUMD,UNE,PC_IND,EL	24.07 	23.02 	36.47 	47.65 	54.72 	56.15 	63.29 	68.35 
I_IUMD,UNE,PC_IND,ES	33.16 	46.51 	59.74 	64.82 	69.43 	77.09 	81.31 	85.35 
I_IUMD,UNE,PC_IND,EU27_2007	27.69 	36.83 	45.81 	52.28 	53.06 	58.72 	63.72 	: 
I_IUMD,UNE,PC_IND,EU27_2020	25.50 	34.31 	43.59 	50.12 	51.59 	56.88 	62.05 	68.06 
I_IUMD,UNE,PC_IND,EU28	27.84 	36.76 	45.58 	52.13 	53.05 	58.55 	63.51 	68.62 
I_IUMD,UNE,PC_IND,FI	49.56 	53.83 	65.55 	69.10 	74.65 	83.30 	75.00 	: 
I_IUMD,UNE,PC_IND,FR	45.08 	52.14 	59.72 	63.28 	60.30 b	67.81 	75.75 	83.85 
I_IUMD,UNE,PC_IND,HR	35.99 	31.87 	33.93 	44.43 	52.79 	50.38 	51.84 	66.16 
I_IUMD,UNE,PC_IND,HU	10.19 	20.36 	32.12 	44.14 	47.07 	45.69 	: u	62.29 
I_IUMD,UNE,PC_IND,IE	45.42 	51.66 	58.24 	64.81 	62.12 	71.65 	79.24 	77.43 
I_IUMD,UNE,PC_IND,IS	59.61 	58.06 	54.32 u	: 	: 	: u	: u	: u
I_IUMD,UNE,PC_IND,IT	14.38 	21.79 	29.84 	34.85 	37.52 	36.30 	43.36 	51.48 
I_IUMD,UNE,PC_IND,LT	9.61 	16.61 	20.65 	24.93 	31.69 	37.12 	45.11 	64.44 
I_IUMD,UNE,PC_IND,LU	59.97 u	64.49 u	73.41 	63.04 u	75.78 u	91.29 u	91.54 bu	84.46 u
I_IUMD,UNE,PC_IND,LV	15.90 	22.18 	26.58 	33.70 	42.80 b	48.80 	51.80 	55.72 
I_IUMD,UNE,PC_IND,ME	25.76 	: 	: 	: 	: 	68.73 	74.87 	68.76 
I_IUMD,UNE,PC_IND,MK	12.27 	21.95 	31.27 	48.88 	47.75 	63.44 	58.62 	72.24 
I_IUMD,UNE,PC_IND,MT	32.58 u	37.08 	37.61 	53.49 u	60.37 u	: u	: u	: u
I_IUMD,UNE,PC_IND,NL	64.06 	69.29 	68.65 	74.57 	79.62 	90.24 	86.06 	89.92 
I_IUMD,UNE,PC_IND,NO	71.68 u	77.88 u	76.13 u	77.04 u	74.64 u	72.27 u	81.89 u	: u
I_IUMD,UNE,PC_IND,PL	13.03 	24.44 	28.18 	34.52 	26.60 	29.37 	37.80 	55.33 
I_IUMD,UNE,PC_IND,PT	18.31 	19.86 	32.58 	36.94 	46.44 	51.41 	53.01 	60.96 
I_IUMD,UNE,PC_IND,RO	3.65 	10.10 	27.45 b	44.45 	53.18 	67.32 	61.55 	72.52 
I_IUMD,UNE,PC_IND,RS	: 	: 	: 	29.29 	: 	47.75 	61.80 	64.20 
I_IUMD,UNE,PC_IND,SE	69.36 u	57.69 	66.74 u	86.84 u	70.20 bu	91.79 u	88.81 u	89.42 u
I_IUMD,UNE,PC_IND,SI	30.17 	33.05 	43.84 	52.22 	46.16 	54.94 	71.36 	61.76 
I_IUMD,UNE,PC_IND,SK	24.35 	32.80 	43.25 	51.23 	36.29 	53.17 	47.36 	61.30 
I_IUMD,UNE,PC_IND,TR	14.58 	27.21 	38.61 	49.20 	66.52 	72.60 	79.14 	83.57 
I_IUMD,UNE,PC_IND,UK	57.62 	62.46 	71.10 	78.98 	75.64 	83.16 	81.25 	77.61 
I_IUMD,UNE,PC_IND,XK	: 	: 	: 	: 	: 	76.46 	76.19 	75.40 
I_IUMD,Y16_24,PC_IND,AL	: 	: 	: 	: 	: 	: 	82.15 	93.46 
I_IUMD,Y16_24,PC_IND,AT	82.48 	87.73 	91.28 	97.02 	96.19 	99.45 	97.25 	98.90 
I_IUMD,Y16_24,PC_IND,BA	: 	: 	: 	: 	: 	: 	92.08 	87.36 
I_IUMD,Y16_24,PC_IND,BE	69.63 	78.67 	81.39 	90.34 	91.72 	91.80 	93.48 	96.20 
I_IUMD,Y16_24,PC_IND,BG	23.27 	40.39 	57.93 	71.04 	80.60 	85.31 	87.57 	90.78 
I_IUMD,Y16_24,PC_IND,CH	: 	: 	88.38 	: 	: 	82.79 b	: 	98.04 
I_IUMD,Y16_24,PC_IND,CY	52.16 	63.58 	82.60 	94.05 	94.65 	96.42 	96.23 	97.61 
I_IUMD,Y16_24,PC_IND,CZ	: u	61.22 	74.84 	83.58 	: u	91.99 	95.55 	97.35 
I_IUMD,Y16_24,PC_IND,DE	58.31 	79.83 	88.75 	90.89 	93.10 	94.94 	97.09 	95.30 
I_IUMD,Y16_24,PC_IND,DK	87.25 	87.80 	92.78 	93.46 	93.99 	95.57 	97.35 	98.42 
I_IUMD,Y16_24,PC_IND,EA	63.95 	76.50 	82.37 	86.86 	87.49 	89.96 	91.58 	93.32 
I_IUMD,Y16_24,PC_IND,EE	65.72 	71.71 	91.15 b	93.23 	94.57 	96.70 	96.78 	98.39 
I_IUMD,Y16_24,PC_IND,EL	51.22 	63.39 	71.05 	84.33 	86.78 	89.26 	91.81 	94.39 
I_IUMD,Y16_24,PC_IND,ES	74.51 	85.07 	91.22 	92.75 	94.86 	94.82 	95.74 	98.09 
I_IUMD,Y16_24,PC_IND,EU27_2007	62.63 	74.22 	81.45 	87.03 	87.44 	90.32 	91.53 	: 
I_IUMD,Y16_24,PC_IND,EU27_2020	58.77 	71.29 	79.30 	85.72 	85.77 	89.05 	91.06 	93.64 
I_IUMD,Y16_24,PC_IND,EU28	62.86 	74.30 	81.43 	87.11 	87.43 	90.33 	91.59 	94.53 
I_IUMD,Y16_24,PC_IND,FI	80.09 	81.37 	93.14 	95.31 	95.83 	96.24 	95.58 	: 
I_IUMD,Y16_24,PC_IND,FR	77.57 	81.60 	83.52 	89.79 	85.80 b	89.82 	92.07 	94.91 
I_IUMD,Y16_24,PC_IND,HR	84.97 	82.08 	80.06 	95.23 	86.40 	90.93 	99.34 	98.37 
I_IUMD,Y16_24,PC_IND,HU	33.50 	54.39 	75.65 	84.57 	90.23 	90.54 	: u	94.49 
I_IUMD,Y16_24,PC_IND,IE	70.38 	84.35 	91.81 	91.10 	90.76 	94.63 	94.87 	98.30 
I_IUMD,Y16_24,PC_IND,IS	86.24 	82.08 	91.30 	: 	: 	95.49 	93.22 	96.62 
I_IUMD,Y16_24,PC_IND,IT	33.50 	53.58 	61.10 	67.85 	70.76 	71.84 	74.48 	80.02 
I_IUMD,Y16_24,PC_IND,LT	47.58 	63.78 	75.43 	78.65 	85.79 	90.82 	94.44 	94.31 
I_IUMD,Y16_24,PC_IND,LU	83.33 	82.32 	86.87 	89.31 	89.63 	92.06 	94.71 b	93.46 
I_IUMD,Y16_24,PC_IND,LV	54.37 	70.81 	75.07 	86.94 	87.42 b	93.61 	94.04 	96.80 
I_IUMD,Y16_24,PC_IND,ME	55.96 	: 	: 	: 	: 	96.24 	97.30 	98.68 
I_IUMD,Y16_24,PC_IND,MK	34.92 	51.62 	78.59 	85.67 	92.10 	91.26 	82.74 	96.58 
I_IUMD,Y16_24,PC_IND,MT	83.90 	82.40 	90.99 	96.09 	93.01 	97.91 	98.13 	97.73 
I_IUMD,Y16_24,PC_IND,NL	91.68 	93.54 	90.78 	90.96 	89.26 	98.49 	96.31 	97.58 
I_IUMD,Y16_24,PC_IND,NO	91.30 	93.81 	95.14 	95.40 	91.24 	97.64 	96.12 	98.12 
I_IUMD,Y16_24,PC_IND,PL	46.28 	60.11 	71.24 	84.49 	75.33 	82.00 	87.92 	93.48 
I_IUMD,Y16_24,PC_IND,PT	57.91 	66.37 	80.71 	86.20 	92.38 	94.60 	94.62 	93.62 
I_IUMD,Y16_24,PC_IND,RO	13.56 	31.47 	52.78 b	70.28 	74.06 	82.17 	83.11 	92.70 
I_IUMD,Y16_24,PC_IND,RS	: 	: 	: 	68.79 	: 	85.97 	87.97 	91.20 
I_IUMD,Y16_24,PC_IND,SE	92.38 	89.63 	91.20 	90.57 	86.29 b	93.71 	94.00 	98.50 
I_IUMD,Y16_24,PC_IND,SI	73.82 	79.85 	82.46 	94.80 	88.27 	95.66 	96.63 	96.59 
I_IUMD,Y16_24,PC_IND,SK	68.84 	79.07 	83.42 	89.58 	89.94 	90.85 	92.23 	96.46 
I_IUMD,Y16_24,PC_IND,TR	26.84 	38.94 	55.65 	63.83 	77.70 	84.68 	84.17 	89.61 
I_IUMD,Y16_24,PC_IND,UK	89.43 	93.76 	94.28 	97.02 	97.29 	97.91 	95.09 	99.57 
I_IUMD,Y16_24,PC_IND,XK	: 	: 	: 	: 	: 	89.68 	92.60 	95.02 
I_IUMD,Y25_54,PC_IND,AL	: 	: 	: 	: 	: 	: 	59.44 	75.47 
I_IUMD,Y25_54,PC_IND,AT	49.94 	57.66 	65.27 	73.96 	74.67 	84.56 	83.70 	91.03 
I_IUMD,Y25_54,PC_IND,BA	: 	: 	: 	: 	: 	: 	77.53 	69.40 
I_IUMD,Y25_54,PC_IND,BE	48.65 	51.10 	66.03 	76.93 	79.46 	83.79 	85.43 	92.73 
I_IUMD,Y25_54,PC_IND,BG	15.60 	24.21 	33.98 	48.05 	56.75 	71.47 	71.80 	79.87 
I_IUMD,Y25_54,PC_IND,CH	: 	: 	68.61 	: 	: 	75.67 b	: 	93.49 
I_IUMD,Y25_54,PC_IND,CY	26.24 	30.61 	47.67 	65.57 	71.93 	80.34 	84.99 	88.51 
I_IUMD,Y25_54,PC_IND,CZ	: u	33.46 	43.70 	53.56 	: u	73.42 	81.53 	86.33 
I_IUMD,Y25_54,PC_IND,DE	36.16 	50.47 	65.37 	74.11 	79.48 	86.41 	90.30 	88.19 
I_IUMD,Y25_54,PC_IND,DK	70.08 	75.64 	83.74 	87.43 	89.92 	91.35 	92.67 	96.00 
I_IUMD,Y25_54,PC_IND,EA	38.12 	47.23 	58.64 	64.10 	68.11 	74.55 	78.84 	83.27 
I_IUMD,Y25_54,PC_IND,EE	43.60 	54.14 	67.59 b	73.93 	75.51 	81.71 	85.36 	91.60 
I_IUMD,Y25_54,PC_IND,EL	25.81 	29.63 	43.70 	53.51 	57.29 	64.82 	67.00 	75.92 
I_IUMD,Y25_54,PC_IND,ES	43.15 	58.24 	73.05 	77.97 	83.62 	88.61 	90.62 	93.74 
I_IUMD,Y25_54,PC_IND,EU27_2007	40.15 	48.36 	58.88 	65.42 	67.98 	74.59 	78.80 	: 
I_IUMD,Y25_54,PC_IND,EU27_2020	35.77 	44.59 	55.56 	62.38 	64.78 	71.97 	76.85 	82.45 
I_IUMD,Y25_54,PC_IND,EU28	40.17 	48.34 	58.80 	65.39 	67.95 	74.54 	78.79 	83.95 
I_IUMD,Y25_54,PC_IND,FI	69.16 	73.78 	81.80 	85.18 	89.54 	91.10 	89.66 	: 
I_IUMD,Y25_54,PC_IND,FR	47.22 	56.33 	66.82 	69.33 	69.69 b	78.93 	83.26 	90.08 
I_IUMD,Y25_54,PC_IND,HR	42.31 	45.89 	48.86 	61.85 	65.04 	68.18 	77.47 	86.39 
I_IUMD,Y25_54,PC_IND,HU	20.36 	33.92 	52.80 	64.59 	69.96 	76.40 	: u	85.01 
I_IUMD,Y25_54,PC_IND,IE	58.00 	65.26 	73.25 	78.89 	78.12 	83.89 	87.74 	91.96 
I_IUMD,Y25_54,PC_IND,IS	64.43 	66.53 	75.69 	: 	: 	92.12 	88.55 	94.96 
I_IUMD,Y25_54,PC_IND,IT	18.63 	19.59 	25.69 	27.47 	32.16 	34.92 	44.99 	56.08 
I_IUMD,Y25_54,PC_IND,LT	16.19 	25.38 	33.86 	42.82 	53.34 	67.19 	74.61 	83.00 
I_IUMD,Y25_54,PC_IND,LU	67.00 	70.02 	75.69 	80.05 	81.96 	85.59 	88.69 b	92.22 
I_IUMD,Y25_54,PC_IND,LV	28.29 	37.43 	42.23 	53.25 	59.15 b	69.79 	72.83 	82.25 
I_IUMD,Y25_54,PC_IND,ME	35.76 	: 	: 	: 	: 	82.68 	86.01 	85.58 
I_IUMD,Y25_54,PC_IND,MK	17.00 	28.17 	43.07 	57.80 	63.35 	74.68 	69.92 	84.23 
I_IUMD,Y25_54,PC_IND,MT	45.26 	49.37 	58.84 	74.92 	78.02 	86.73 	85.42 	88.12 
I_IUMD,Y25_54,PC_IND,NL	61.39 	73.23 	78.17 	83.24 	86.49 	92.32 	92.27 	93.95 
I_IUMD,Y25_54,PC_IND,NO	84.28 	86.38 	88.67 	91.21 	87.11 	91.52 	94.44 	97.80 
I_IUMD,Y25_54,PC_IND,PL	25.33 	36.59 	42.71 	52.36 	35.66 	45.95 	57.79 	69.74 
I_IUMD,Y25_54,PC_IND,PT	22.20 	24.66 	41.72 	54.00 	60.59 	69.30 	73.99 	76.95 
I_IUMD,Y25_54,PC_IND,RO	8.48 	16.65 	28.59 b	43.65 	53.52 	63.51 	68.98 	80.49 
I_IUMD,Y25_54,PC_IND,RS	: 	: 	: 	44.07 	: 	67.90 	72.99 	77.01 
I_IUMD,Y25_54,PC_IND,SE	80.06 	82.14 	84.94 	85.74 	85.33 b	93.23 	92.45 	96.80 
I_IUMD,Y25_54,PC_IND,SI	33.38 	45.62 	50.70 	63.49 	68.54 	77.99 	81.30 	88.83 
I_IUMD,Y25_54,PC_IND,SK	42.45 	46.45 	59.45 	64.00 	69.44 	76.59 	74.86 	83.22 
I_IUMD,Y25_54,PC_IND,TR	12.76 	20.87 	33.41 	43.18 	57.71 	68.75 	71.46 	80.67 
I_IUMD,Y25_54,PC_IND,UK	71.33 	75.45 	81.65 	87.81 	90.12 	92.41 	91.89 	94.35 
I_IUMD,Y25_54,PC_IND,XK	: 	: 	: 	: 	: 	77.18 	79.79 	81.52 
I_IUMD,Y55_74,PC_IND,AL	: 	: 	: 	: 	: 	: 	25.35 	37.93 
I_IUMD,Y55_74,PC_IND,AT	15.79 	18.78 	23.53 	28.30 	30.58 	42.11 	44.92 	57.98 
I_IUMD,Y55_74,PC_IND,BA	: 	: 	: 	: 	: 	: 	28.63 	33.27 
I_IUMD,Y55_74,PC_IND,BE	20.73 	23.62 	33.91 	42.49 	45.10 	51.82 	52.87 	68.65 
I_IUMD,Y55_74,PC_IND,BG	2.81 	3.97 	5.10 	9.77 	12.84 	20.79 	23.44 	31.72 
I_IUMD,Y55_74,PC_IND,CH	: 	: 	28.60 	: 	: 	49.94 b	: 	75.90 
I_IUMD,Y55_74,PC_IND,CY	4.29 	3.58 	8.17 	19.68 	21.49 	32.86 	40.40 	50.80 
I_IUMD,Y55_74,PC_IND,CZ	: u	6.49 	10.91 	12.94 	: u	23.58 	28.53 	39.61 
I_IUMD,Y55_74,PC_IND,DE	10.81 	17.82 	25.70 	33.05 	38.42 	48.74 	55.00 	51.15 
I_IUMD,Y55_74,PC_IND,DK	33.71 	37.50 	51.22 	55.32 	62.33 	64.16 	75.73 	81.81 
I_IUMD,Y55_74,PC_IND,EA	12.00 	17.07 	23.12 	27.66 	30.89 	39.03 	44.41 	51.59 
I_IUMD,Y55_74,PC_IND,EE	9.63 	19.79 	23.38 b	23.95 	23.53 	31.37 	34.66 	46.31 
I_IUMD,Y55_74,PC_IND,EL	2.90 	5.00 	9.83 	10.96 	12.40 	17.61 	22.19 	30.92 
I_IUMD,Y55_74,PC_IND,ES	10.11 	16.39 	26.06 	32.22 	39.37 	48.97 	54.99 	69.23 
I_IUMD,Y55_74,PC_IND,EU27_2007	13.85 	17.62 	23.85 	29.13 	31.77 	38.87 	43.60 	: 
I_IUMD,Y55_74,PC_IND,EU27_2020	11.18 	15.46 	20.93 	25.62 	28.23 	35.58 	41.00 	49.04 
I_IUMD,Y55_74,PC_IND,EU28	13.78 	17.55 	23.73 	28.99 	31.63 	38.66 	43.47 	51.86 
I_IUMD,Y55_74,PC_IND,FI	25.65 	32.46 	39.94 	45.37 	47.15 	55.03 	55.62 	: 
I_IUMD,Y55_74,PC_IND,FR	18.73 	26.88 	31.43 	33.51 	33.27 b	41.33 	50.40 	60.71 
I_IUMD,Y55_74,PC_IND,HR	6.84 	9.58 	9.81 	14.53 	16.05 	18.63 	28.89 	41.75 
I_IUMD,Y55_74,PC_IND,HU	5.62 	8.52 	13.62 	17.83 	24.67 	27.37 	: u	41.24 
I_IUMD,Y55_74,PC_IND,IE	22.20 	26.56 	30.19 	34.60 	35.71 	48.68 	36.82 	61.80 
I_IUMD,Y55_74,PC_IND,IS	28.93 	34.06 	38.68 	: 	: 	60.95 	66.33 	68.76 
I_IUMD,Y55_74,PC_IND,IT	4.58 	3.65 	5.65 	6.98 	8.45 	11.33 	18.18 	28.31 
I_IUMD,Y55_74,PC_IND,LT	1.29 	2.41 	4.82 	6.74 	9.62 	17.88 	27.38 	39.12 
I_IUMD,Y55_74,PC_IND,LU	39.55 	48.20 	47.97 	59.23 	62.80 	68.22 	67.22 b	68.25 
I_IUMD,Y55_74,PC_IND,LV	4.80 	7.91 	8.50 	11.81 	14.34 b	21.72 	22.64 	32.12 
I_IUMD,Y55_74,PC_IND,ME	9.75 	: 	: 	: 	: 	33.20 	30.45 	41.57 
I_IUMD,Y55_74,PC_IND,MK	4.29 	4.50 	7.42 	16.84 	21.84 	28.04 	26.71 	39.16 
I_IUMD,Y55_74,PC_IND,MT	10.82 	14.11 	20.66 	29.48 	26.73 	34.57 	31.43 	44.60 
I_IUMD,Y55_74,PC_IND,NL	25.22 	36.01 	46.77 	54.86 	59.72 	71.67 	71.00 	77.44 
I_IUMD,Y55_74,PC_IND,NO	48.31 	54.06 	49.95 	59.94 	61.53 	70.85 	74.35 	82.47 
I_IUMD,Y55_74,PC_IND,PL	4.61 	8.45 	10.37 	15.71 	6.62 	10.51 	16.69 	26.21 
I_IUMD,Y55_74,PC_IND,PT	3.59 	3.63 	8.65 	13.67 	16.78 	24.23 	24.84 	29.80 
I_IUMD,Y55_74,PC_IND,RO	0.81 	3.83 	5.13 b	10.77 	12.75 	19.90 	24.84 	40.34 
I_IUMD,Y55_74,PC_IND,RS	: 	: 	: 	6.51 	: 	18.37 	22.59 	29.39 
I_IUMD,Y55_74,PC_IND,SE	41.28 	40.88 	53.75 	54.63 	67.00 b	71.73 	78.25 	85.30 
I_IUMD,Y55_74,PC_IND,SI	4.90 	9.55 	11.03 	11.90 	16.32 	26.86 	32.63 	48.07 
I_IUMD,Y55_74,PC_IND,SK	8.33 	9.78 	14.09 	15.50 	20.38 	27.65 	22.42 	36.04 
I_IUMD,Y55_74,PC_IND,TR	1.49 	2.47 	4.88 	6.94 	12.81 	19.18 	26.12 	31.98 
I_IUMD,Y55_74,PC_IND,UK	33.38 	33.86 	45.09 	55.44 	56.69 	61.27 	61.33 	72.14 
I_IUMD,Y55_74,PC_IND,XK	: 	: 	: 	: 	: 	53.91 	53.91 	62.94 
